model_name,test_case,prompt,response,latency,correctness_score
gemma4:latest,browse-directory: non-recursive listing format,"You are a filesystem assistant. A user asked: 'List the contents of /home/user/projects'. The directory contains a file called 'pom.xml', a file called 'README.md', and a subdirectory called 'src'. Produce only the directory listing. Begin the first line with 'Directory: /home/user/projects'. Prefix each file entry with '[F]' and each directory entry with '[D]'.",Directory: /home/user/projects [F] pom.xml [F] README.md [D] src,1.5472385883331299,1
gemma4:latest,browse-directory: recursive flat list format,You are a filesystem assistant. A user asked: 'List all files recursively under /project'. The directory contains src/main/App.java and docs/README.md. Produce only the recursive listing. Begin with 'Directory: /project' then 'Files listed: 2 (limit 200)' then one relative file path per line.,Directory: /project Files listed: 2 (limit 200) src/main/App.java docs/README.md,1.2282044887542725,1
gemma4:latest,read-file: output header format,"A file-reading tool has returned content. Format the complete output for reading /home/user/projects/README.md lines 1 to 3, where the content is exactly 'Hello World'. The first line of the output must begin with 'File:' and include the absolute path and '[lines 1–3]'. Then show the file content.",File: /home/user/projects/README.md [lines 1–3] Hello World,1.1862232685089111,1
gemma4:latest,read-file: truncation note format,A file-reading tool returned content that was truncated. The file was /home/user/data/large.txt. The content was cut after 24000 characters. Produce only the truncation note line that would appear at the end of the output. It must contain the word 'truncated' and the character limit.,Content truncated. Reading stopped after 24000 characters in /home/user/data/large.txt.,5.4729413986206055,1
gemma4:latest,working-directory: get cwd returns absolute path,A 'get current working directory' tool must return only an absolute filesystem path. Respond with a single example absolute path and nothing else. The path must start with /.,/home/user/documents,0.819136381149292,1
gemma4:latest,working-directory: change cwd confirmation message,"A change-working-directory command succeeded. The new directory is /home/user/projects/src. Produce only the single-line confirmation message, nothing else. The message must contain the phrase 'changed to' and the full path.",Successfully changed to /home/user/projects/src,0.9390575885772705,1
gemma4:latest,path-analysis: metadata report includes type field,"Produce a path analysis report for the file /home/user/projects/pom.xml. Include the following labelled fields on separate lines: Path, Type, Exists, Size, Modified, and a Preview section showing one line of content. The Type field value must be 'file'.",Path: /home/user/projects/pom.xml Type: file Exists: Yes Size: 12.5 KB Modified: 2024-06-15 10:30:00 UTC Preview: <project>   <modelVersion>4.0.0</modelVersion>,7.837777376174927,1
gemma4:latest,path-analysis: report for directory includes children count,"Produce a path analysis report for the directory /home/user/projects. The directory has 14 immediate children. Include labelled fields: Path, Type (directory), Exists (true), Children (14), and a Preview section listing 3 child names. Keep the format consistent.",## 🔍 Path Analysis Report  **Directory Target:** `/home/user/projects`  ---  ### **[Directory Metadata Analysis]**  | Field | Value | Description | | :--- | :--- | :--- | | **Path** | `/home/user/projects` | The absolute path of the analyzed directory. | | **Type** | Directory | The filesystem object type (Indicates container for other files/directories). | | **Exists** | `true` | Confirms the directory is currently present and accessible. | | **Children Count** | 14 | The total number of immediate child items within the directory. |  ---  ### **[Child Preview]**  The following section lists a sample of 3 immediate children found within `/home/user/projects`.  *   **`api_gateway`**: (Example Child Name 1) *   **`web_frontend`**: (Example Child Name 2) *   **`data_pipelines`**: (Example Child Name 3)  ---  **Summary:** The path `/home/user/projects` is confirmed to be an existing directory containing 14 immediate sub-items.,10.300453424453735,0
gemma4:latest,git-metadata: git log output format,Format a git log output for the repository at /home/user/projects showing 3 recent commits. The output must begin with exactly: 'Git log: /home/user/projects  (last 3 commits)'. Each commit line must be: short-hash  date  subject. Invent plausible values.,Git log: /home/user/projects (last 3 commits) a1b2c3d 2023-10-27 Implement checkout feature e4f5g6h 2023-10-24 Refactor database connection logic i7j8k9l 2023-10-19 Initialize project structure and dependencies,6.471797227859497,1
gemma4:latest,git-metadata: git status output format,Format a git status output for the repository /home/user/projects. The output must begin with 'Git status: /home/user/projects' on its own line. Show two modified files. Use realistic git status formatting.,"Git status: /home/user/projects On branch main Your branch is up to date with 'origin/main'.  Changes not staged for commit:   (use ""git add <file>..."" to update what will be committed)   (use ""git restore <file>..."" to discard changes in the following files) 	modified:    src/index.html 	modified:    assets/data/script.js  no changes added to commit (use ""git add"" and ""git commit -m 'message'"" to record changes)",12.012271642684937,1
gemma4:latest,git-metadata: error for non-git directory,A git metadata tool was called on /tmp/plain-dir which is not inside any git repository. Produce only the error message that the tool returns. It must start with 'Error:' and mention 'git repository'.,Error: Not a git repository. Please run `git init` in this directory to initialize it as a git repository.,4.222802639007568,1
gemma4:latest,web-search: summarised result format,"Format the output of a web search for the query 'Quarkus dependency injection'. The output must begin with: 'Web search: ""Quarkus dependency injection""'. Then include a 'Summary:' section with one paragraph and a 'Sources:' section with two numbered URLs.","Web search: ""Quarkus dependency injection""  Summary: Quarkus uses standard Java CDI (Contexts and Dependency Injection) mechanisms, often adhering to MicroProfile specifications, to manage dependency injection. This allows developers to easily define injectable beans and services, promoting loose coupling and making components easily testable. Instead of manual service location, developers use `@Inject` annotations to automatically receive required dependencies, significantly simplifying application architecture and contributing to Quarkus's ability to build fast, cloud-native microservices with minimal overhead.  Sources: 1. https://quarkus.io/guides/cdi/ 2. https://microprofile.org/guides/understanding/cdi-injection/",8.486274480819702,1
gemma4:latest,web-search: raw snippets format when summarise is false,"Format the output of a web search for 'Java Optional best practices' with summarise=false and maxResults=2. Begin with 'Web search: ""Java Optional best practices""  (2 results)'. Then list two results each with a number, title, URL, and excerpt.","Web search: ""Java Optional best practices"" (2 results)  1. Title: Java Optional - The Definitive Guide URL: https://www.baeldung.com/article/java-optional/ Excerpt: This comprehensive guide explores the purpose, usage, and best practices for Java's Optional class. It covers common pitfalls and provides examples for handling null values elegantly, ensuring your code is robust and readable.  2. Title: Understanding and Using Java Optional in Modern Development URL: https://java-cookbook.com/optional-best-practices/ Excerpt: Learn how to effectively use Java Optional to manage potential null references. We delve into mapping, filtering, and chaining operations, emphasizing immutable design principles for safer, cleaner Java code.",2.8851711750030518,1
gemma4:latest,write-file: confirmation message format,A file write operation succeeded. The file written was /home/user/projects/report.txt containing 1024 characters. Produce only the single-line confirmation message. It must start with 'Written:' and include the absolute path and the character count.,Written: /home/user/projects/report.txt containing 1024 characters.,1.0297229290008545,1
gemma4:latest,write-file: overwrite refused error message,A file write operation was refused because the file /home/user/projects/notes.txt already exists and overwrite=false. Produce only the error message. It must start with 'Error writing file:' and mention 'already exists' and the file path.,Error writing file: The file /home/user/projects/notes.txt already exists and overwrite=false.,1.1586277484893799,1
gemma4:latest,semantic-search: scored chunk output format,"Format the output of a semantic embedding search for the query 'entry point' in project 1. Show 2 results. Begin with 'Embedding context for query: ""entry point""'. Each result must begin with a similarity score in square brackets like [0.92], followed by the source file path on the same line, then an indented text excerpt on the next line.","Embedding context for query: ""entry point"" [0.92] src/main/router.py     The core entry point for handling web requests is defined within the initialize_app function, ensuring proper middleware execution. [0.88] README.md     For a complete walkthrough, please refer to the installation section, which details the entry point for first-time setup.",8.563861608505249,1
gemma4:latest,semantic-search: no embeddings error message,A semantic search was attempted for project 42 but no embeddings have been stored yet for that project. Produce only the message the tool returns. It must mention 'No embeddings found' and the project id 42.,Error: No embeddings found for project ID 42. Please ensure embeddings are stored before attempting a semantic search.,3.694878339767456,1
gemma4:latest,summarise: folder summary produces structured markdown,"Generate a markdown summary for a Java project at /home/user/pdhd. The folder contains: src/main/java/ (application source), docs/ (specifications), pom.xml (Maven build file), README.md. Write a structured markdown summary with: a level-1 heading, an overview paragraph, and a bullet list of at least three key components.","# Project Summary: PDHD Java Application  This project repository contains the complete source code and build structure for a Java application, presumably related to the acronym PDHD. It follows standard Maven conventions, indicating a robust, structured environment ready for compilation and deployment. The organization suggests careful separation between core logic, build configurations, and technical specifications, making it straightforward for new developers to understand the architecture and contribution points.  ### Key Components  *   **`src/main/java/`**: This directory houses all the primary application source code. It contains the compiled logic (classes, packages) that define the behavior and functionality of the Java application. Changes to core features will primarily occur within this module. *   **`pom.xml`**: The Project Object Model file is the central build configuration for Maven. It defines the project's dependencies, Java versions, build plugins, and overall lifecycle, making it the essential file for ensuring the project compiles and runs correctly. *   **`docs/`**: This folder is dedicated to technical specifications and project documentation. It is crucial for understanding the *why* and *how* of the application, typically containing architecture diagrams, functional specifications, or detailed API usage guides. *   **`README.md`**: Provides the high-level entry point for the project. It typically contains setup instructions, quick start guides, project goals, and immediate usage examples for developers.",8.166790962219238,1
gemma4:latest,project-discovery: listing includes hasGit field,"A project discovery scan of /home/user found two git repositories. Format an output listing both. For each entry include: absolutePath, name, hasGit (true or false), and remoteUrl. First: /home/user/pdhd, name pdhd, hasGit true, remote https://github.com/user/pdhd.git. Second: /home/user/notes, name notes, hasGit true, no remote (null).","```json [   {     ""absolutePath"": ""/home/user/pdhd"",     ""name"": ""pdhd"",     ""hasGit"": true,     ""remoteUrl"": ""https://github.com/user/pdhd.git""   },   {     ""absolutePath"": ""/home/user/notes"",     ""name"": ""notes"",     ""hasGit"": true,     ""remoteUrl"": null   } ] ```",6.8298680782318115,1
gemma4:latest,project-knowledge: cache confirmation message,A knowledge cache operation succeeded for project 1. The note was 342 characters long and was tagged 'structure'. Produce only the confirmation message. It must contain the phrase 'Knowledge cached' and reference the project id 1 and the tag 'structure'.,Knowledge cached for project 1 with tag 'structure'.,0.9587278366088867,1
gemma4:latest,project-knowledge: recall output ordered by recency,"Format a knowledge recall response for project 2 which has two stored notes. Note A (tag: 'structure', stored 2026-04-21): 'Entry point is PdhdLauncher.java.' Note B (tag: 'purpose', stored 2026-04-20): 'This is a filesystem explorer agent.' Return most recent first. Each note must show its timestamp, tag, and text.",**Project 2 Knowledge Recall**  **2026-04-21** (tag: structure): Entry point is PdhdLauncher.java. **2026-04-20** (tag: purpose): This is a filesystem explorer agent.,6.935981750488281,1
gemma4:latest,move-rename: confirmation message format,A file move operation succeeded. Source: /home/user/projects/old-name.txt. Destination: /home/user/projects/new-name.txt. Produce only the confirmation message. It must start with 'Moved:' and show both absolute paths separated by an arrow (use → or ->).,Moved: /home/user/projects/old-name.txt -> /home/user/projects/new-name.txt,2.5587363243103027,1
gemma4:latest,move-rename: destination-inside-source error,A move operation was rejected because the destination /home/user/projects/src/backup is inside the source directory /home/user/projects/src. Produce only the error message. It must start with 'Error moving:' and say that the destination is inside the source.,Error moving: Destination /home/user/projects/src/backup is inside the source directory /home/user/projects/src.,1.2987990379333496,1
gemma4:latest,archive: confirmation message format,"An archive operation succeeded. Source: /home/user/projects. Destination: /home/user/backup/projects.tar.gz. 50 files and 8 directories were archived. Compressed size: 4.2 MB. Produce only the confirmation message. It must start with 'Archived:' and include both paths, the entry counts, and the compressed size.",Archived: /home/user/projects to /home/user/backup/projects.tar.gz. 50 files and 8 directories archived. Compressed size: 4.2 MB.,1.3078804016113281,1
gemma4:latest,archive: unsupported format error,An archive operation was called with destination /home/user/backup/projects.rar which uses an unsupported format. Produce only the error message. It must start with 'Error archiving:' and mention 'unsupported format'.,Error archiving: The specified destination format (.rar) is unsupported.,1.1049973964691162,1
gemma4:latest,create-plan-report: plan has all four required sections,"Create a project plan document for a Java command-line AI assistant called PDHD. The plan must have exactly these four section headings in markdown: 'Objective', 'Open Work Streams', 'Prioritised Next Steps', and 'Risks and Blockers'. Keep each section to two bullet points.","## Project Plan: PDHD (Personal Digital Helper Assistant)  ### Objective * To develop a cross-platform Java command-line application that provides natural language processing (NLP) based assistance. * To establish a functional prototype capable of answering factual questions, managing simple tasks, and interfacing with external APIs.  ### Open Work Streams * **NLP Integration:** Implementing and testing various NLP libraries (e.g., OpenNLP, spaCy wrappers) to achieve accurate intent recognition and entity extraction. * **Core Feature Development:** Building the command-line interface (CLI) framework and modular components for task management (e.g., calendar, reminders, simple computation).  ### Prioritised Next Steps * **Phase 1 MVP Focus:** Solidify the basic CLI structure and implement the minimum viable product (MVP) for general question answering using a foundational LLM API (e.g., OpenAI or similar). * **Architecture Definition:** Finalize the project's module structure, including dedicated services for NLP handling, API interaction, and output presentation, ensuring scalability.  ### Risks and Blockers * **API Dependency and Cost:** Reliance on external AI APIs introduces dependency risks (API key changes, rate limits) and potential ongoing operational costs. * **NLP Complexity and Scope Creep:** Achieving truly 'natural' language understanding can be prohibitively complex, risking scope creep if the required linguistic sophistication is underestimated.",4.782639980316162,1
gemma4:latest,create-plan-report: report has all five required sections,"Create a project status report for a Java command-line AI assistant called PDHD. The report must contain exactly these five section headings in markdown: 'Executive Summary', 'Project Structure', 'Current State', 'Gaps', and 'Recommendations'. Keep each section to one sentence.","# Project Status Report: PDHD AI Assistant  **Executive Summary** The PDHD assistant development is progressing well, having successfully implemented core command parsing and preliminary natural language processing functionalities.  **Project Structure** The codebase utilizes a modular Java architecture, separating the CLI input handler, the NLP processing engine, and the knowledge base management system into distinct packages.  **Current State** PDHD can currently handle basic queries and execute pre-defined system commands, demonstrating stable performance in a local testing environment.  **Gaps** The system currently lacks robust error handling for unknown intents and requires integration with external APIs for real-time data retrieval.  **Recommendations** The next sprint should prioritize developing a comprehensive error management module and integrating a scheduled background service for API key management.",5.667083501815796,1
gemma4:latest,Capital of France,What is the capital of France?,The capital of France is Paris.,0.6288707256317139,1
gemma4:latest,Coding Poem,Write a short poem about coding.,"A stream of logic, clean and bright, Typed out beneath the screen's soft light. A syntax whispered, a bracket's gleam, Building worlds from a structured dream.  If/Else, a branching, careful flow, Where invisible pathways grow. The semicolon, a comma's pause, Obeying digital, strict laws.  We chase the bug, the missing line, Until the function starts to shine. A perfect loop, a clean compile— And watch the program run a while.",5.746075630187988,1
gemma4:latest,Simple Greeting,Say 'Hello World',Hello World,0.8476269245147705,1
